{
    "rmse": 0.003984192600929495,
    "mae": 0.0016993297588153828,
    "r2": 0.9994484902228709,
    "spearman": 0.9999585310667594,
    "pearson": 0.999725336409117,
    "mape": 0.5871425135179565,
    "numeric_accuracy": 99.41285748648204,
    "category_accuracy": 99.2496248124062,
    "confusion_matrix_labels": [
        "Excellent",
        "Strong",
        "Moderate",
        "Weak",
        "NoMatch"
    ],
    "confusion_matrix": [
        [
            48,
            6,
            0,
            0,
            0
        ],
        [
            1,
            878,
            0,
            0,
            0
        ],
        [
            0,
            2,
            688,
            0,
            0
        ],
        [
            0,
            0,
            1,
            264,
            2
        ],
        [
            0,
            0,
            0,
            3,
            106
        ]
    ]
}