{
  "rows_used": 6853,
  "feature_count": 9,
  "sbert_model": "sentence-transformers/paraphrase-MiniLM-L6-v2",
  "target_mean": 0.6195805072784424,
  "target_std": 0.08934712409973145
}