{"mean": 0.6195805072784424, "std": 0.08934712409973145}