{"mean": 0.6153921484947205, "std": 0.12712091207504272}